Balanced Accuracy,MCC,Sensitivity,Specificity,F1 Score
0.8674999999999999,0.7390855006933363,0.92,0.815,0.8741092636579573
