Balanced Accuracy,MCC,Sensitivity,Specificity,F1 Score,Acc
0.89,0.7803512371028338,0.905,0.875,0.8916256157635468,0.89
