Acc,MCC,Sn,Sp,F1
0.8875,0.7752423010845508,0.9,0.875,0.888888888888889
