Acc,MCC,Sn,Sp,F1
0.895,0.7906327594126177,0.915,0.875,0.8970588235294118
